Eesnimi;Perenimi;Sünniaeg;Kasutajanimi;E-Mail
Jarek;Kudrjavtsev;19.09.1976;;@singedhaircut.gg
Sebastian;Aasmäe;09.05.1976;;@singedhaircut.gg
Jan;Kool;21.10.1996;;@singedhaircut.gg
Pille;Kask;18.10.1960;;@singedhaircut.gg
Fredy;Lehiste;29.05.1967;;@singedhaircut.gg
Kairit;Järvesaar;22.06.1992;;@singedhaircut.gg
Marvin;Heinsalu;01.08.1987;;@singedhaircut.gg
Eva Lotta;Lukk;05.10.1964;;@singedhaircut.gg
Marili;Kink;29.01.1995;;@singedhaircut.gg
Jaak;Lotman;24.05.1973;;@singedhaircut.gg
Meribel;Drozdov;24.07.1992;;@singedhaircut.gg
Markkus;Jõesaar;23.09.1980;;@singedhaircut.gg
Õnnela;Voronin;14.04.1965;;@singedhaircut.gg
Viktorija;Sander;23.07.1965;;@singedhaircut.gg
Taago;Allas;19.10.1964;;@singedhaircut.gg
Maarja-Liis;Taal;02.04.1988;;@singedhaircut.gg
Daniel;Viks;12.07.1966;;@singedhaircut.gg
Ian;Leppik;16.01.1993;;@singedhaircut.gg
Cärolin;Unt;02.12.1969;;@singedhaircut.gg
Richard;Käsper;01.08.1961;;@singedhaircut.gg
Simmo;Lumiste;17.01.1989;;@singedhaircut.gg
Jüri;Tamberg;25.09.1999;;@singedhaircut.gg
Nelli;Püvi;25.09.1981;;@singedhaircut.gg
Eva-Maria;Lind;20.03.1967;;@singedhaircut.gg
Lisanna;Kaljula;01.10.1981;;@singedhaircut.gg
Margo;Ots;02.10.1978;;@singedhaircut.gg
Mare;Pikk;01.06.1983;;@singedhaircut.gg
Markkus;Vain;12.07.1994;;@singedhaircut.gg
Kätlin;Stepanov;11.10.1998;;@singedhaircut.gg
Tarvi;Trei;01.11.1991;;@singedhaircut.gg
Aveli;Sillaste;23.03.1969;;@singedhaircut.gg
Armo;Bõstrov;19.06.1989;;@singedhaircut.gg
Tiit;Ivask;03.11.1975;;@singedhaircut.gg
Romet;Suvorov;08.07.1963;;@singedhaircut.gg
Pilleriin;Kikkas;08.12.1986;;@singedhaircut.gg
Marilyn;Maack;28.06.1963;;@singedhaircut.gg
Teet;Oja;09.02.1981;;@singedhaircut.gg
Tobias;Powell;14.10.1989;;@singedhaircut.gg
Daniela;Kink;07.06.1961;;@singedhaircut.gg
Liia;Drozdov;09.12.1972;;@singedhaircut.gg
Aivar;Merisaar;22.09.1997;;@singedhaircut.gg
Kristjan;Baskin;14.01.1982;;@singedhaircut.gg
Mart;Täht;12.01.1971;;@singedhaircut.gg
Ketlin;Sokolov;12.12.1965;;@singedhaircut.gg
Kaspar;Medvedev;23.09.1996;;@singedhaircut.gg
Matthias;Herodes;23.01.1991;;@singedhaircut.gg
Liisi;Poljakov;10.07.1973;;@singedhaircut.gg
Arlet;Miller;01.07.1986;;@singedhaircut.gg
Peep;Laht;04.03.1973;;@singedhaircut.gg
Laura;Rüütel;20.10.1972;;@singedhaircut.gg
Jevgeni;Hanson;27.05.1981;;@singedhaircut.gg
Mart;Org;13.10.1978;;@singedhaircut.gg
Kirsika;Lass;19.08.1979;;@singedhaircut.gg
Anabell;Maidla;02.02.1962;;@singedhaircut.gg
Airika;Järv;31.07.1961;;@singedhaircut.gg
Anastassia;Tsvetkov;04.01.1999;;@singedhaircut.gg
Veiko;Jakobson;12.06.1994;;@singedhaircut.gg
Maria;Toomsalu;09.12.1998;;@singedhaircut.gg
Teili;Ploom;07.08.1992;;@singedhaircut.gg
Darina;Sillaste;30.04.1962;;@singedhaircut.gg
Britt;Õunapuu;25.12.1986;;@singedhaircut.gg
Kerttu;Rohtla;13.03.1980;;@singedhaircut.gg
Heleri;Pärna;23.10.1986;;@singedhaircut.gg
Lija;Tammet;13.10.1996;;@singedhaircut.gg
Ruben;Pettai;26.11.1961;;@singedhaircut.gg
Vassili;Zahharov;03.01.1974;;@singedhaircut.gg
Maret;Korol;25.06.1962;;@singedhaircut.gg
Tamara;Medvedev;19.07.1968;;@singedhaircut.gg
Ardi;Vlassov;17.03.1979;;@singedhaircut.gg
Anete;Piirsalu;24.11.1989;;@singedhaircut.gg
Karl Mihkel;Ivask;01.06.1982;;@singedhaircut.gg
Aire;Kroon;07.04.1991;;@singedhaircut.gg
Liia;Kalamees;04.03.1971;;@singedhaircut.gg
Aron;Peterson;23.08.1963;;@singedhaircut.gg
Felix;Vill;11.05.1981;;@singedhaircut.gg
Marina;Alekseev;15.06.1966;;@singedhaircut.gg
Karl Jakob;Leht;01.09.1978;;@singedhaircut.gg
Siim;Paju;13.04.1997;;@singedhaircut.gg
Sophia;Vinogradov;29.12.1970;;@singedhaircut.gg
Dajana;Põldmaa;15.01.1981;;@singedhaircut.gg
Geidi;Tiik;15.05.1975;;@singedhaircut.gg
Harri;Sepp;17.07.1980;;@singedhaircut.gg
Kirsika;Tamm;18.04.1997;;@singedhaircut.gg
Valentina;Kikkas;08.01.1980;;@singedhaircut.gg
Kennet;Kiil;20.08.1962;;@singedhaircut.gg
Ranar;Pent;15.10.1966;;@singedhaircut.gg
Mairo;Kivi;06.04.1973;;@singedhaircut.gg
Johann;Kiik;07.04.1971;;@singedhaircut.gg
Merily;Mürk;28.08.1992;;@singedhaircut.gg
Ergo;Lepp;07.08.1960;;@singedhaircut.gg
Marje;Baranov;08.10.1975;;@singedhaircut.gg
Taisi;Kirss;13.09.1999;;@singedhaircut.gg
Marti;Mann;19.07.1991;;@singedhaircut.gg
Ervin;Kalda;18.07.1990;;@singedhaircut.gg
Kairi;Sutt;09.08.1967;;@singedhaircut.gg
Geir;Väli;10.08.1967;;@singedhaircut.gg
Kadi;Kotkas;09.05.1964;;@singedhaircut.gg
Alice;Toomsalu;29.03.1960;;@singedhaircut.gg
Holger;Raamat;28.03.1978;;@singedhaircut.gg
Helis;Pihlak;03.06.1994;;@singedhaircut.gg
Ander;Andreev;09.07.1976;;@singedhaircut.gg
Veera;Kaljuste;05.11.1987;;@singedhaircut.gg
Ines;Härm;14.05.1975;;@singedhaircut.gg
Reimo;Silm;23.08.1994;;@singedhaircut.gg
Elise;Raag;24.02.1984;;@singedhaircut.gg
Thomas;Gusev;07.02.1965;;@singedhaircut.gg
Markel;Suvi;04.02.1975;;@singedhaircut.gg
Aliise;Saveljev;05.10.1978;;@singedhaircut.gg
Gleb;Klimov;09.01.1987;;@singedhaircut.gg
Revo;Müürsepp;06.10.1976;;@singedhaircut.gg
Vanessa;Sorokin;13.01.1990;;@singedhaircut.gg
Kätriin;Uustalu;10.10.1964;;@singedhaircut.gg
Karl;Suvorov;11.04.1989;;@singedhaircut.gg
Keily;Kalinin;26.03.1994;;@singedhaircut.gg
Karl Joonas;Mäeots;03.12.1964;;@singedhaircut.gg
Carolyn;Juhkam;07.10.1975;;@singedhaircut.gg
Elisa;Markson;28.06.1987;;@singedhaircut.gg
Marin;Liblik;15.12.1979;;@singedhaircut.gg
Felix;Mölder;19.03.1969;;@singedhaircut.gg
Emilie;Lokk;26.09.1994;;@singedhaircut.gg
Elar;Baskin;02.09.1992;;@singedhaircut.gg
Kauri;Pajula;25.12.1960;;@singedhaircut.gg
Lilian;Veski;20.11.1975;;@singedhaircut.gg
Alar;Kodres;08.03.1997;;@singedhaircut.gg
Emili;Olesk;17.01.1971;;@singedhaircut.gg
Patrick;Puusepp;24.12.1966;;@singedhaircut.gg
Oliivia;Sillaste;23.03.1984;;@singedhaircut.gg
Erika;Salumets;25.02.1988;;@singedhaircut.gg
Inna;Niit;08.03.1993;;@singedhaircut.gg
Mikael;Vasiliev;21.12.1986;;@singedhaircut.gg
Fjodor;Kasemets;01.06.1973;;@singedhaircut.gg
Rebeca;Sepp;18.02.1993;;@singedhaircut.gg
Arles;Zahharov;19.03.1970;;@singedhaircut.gg
Frank;Rätsep;25.02.1992;;@singedhaircut.gg
Heidi;Lepik;26.06.1962;;@singedhaircut.gg
Märten;Semenov;21.05.1987;;@singedhaircut.gg
Renno;Nuut;02.05.1992;;@singedhaircut.gg
Viktoriya;Rohtla;20.06.1966;;@singedhaircut.gg
Ivar;Lill;21.04.1968;;@singedhaircut.gg
Hanno;Laht;19.06.1976;;@singedhaircut.gg
Greta;Männiste;05.03.1979;;@singedhaircut.gg
Mariete;Väli;20.10.1986;;@singedhaircut.gg
Ingmar;Naumov;26.12.1970;;@singedhaircut.gg
Merilin;Lumiste;07.07.1978;;@singedhaircut.gg
Sonja;Visnapuu;20.09.1977;;@singedhaircut.gg
Lauren;Pulk;11.01.1987;;@singedhaircut.gg
Cärol;Lepp;28.07.1987;;@singedhaircut.gg
Deivid;Unt;03.06.1972;;@singedhaircut.gg
Meelis;Lang;13.09.1992;;@singedhaircut.gg
Tairo;Gavrilov;06.05.1981;;@singedhaircut.gg
Karl Johan;Säde;31.07.1960;;@singedhaircut.gg
Maxim;Kukk;16.05.1975;;@singedhaircut.gg
Aire;Pärtel;05.06.1961;;@singedhaircut.gg
Edvard;Aus;26.01.1974;;@singedhaircut.gg
Ljudmila;Laks;19.03.1979;;@singedhaircut.gg
Kenno;Veski;28.06.1980;;@singedhaircut.gg
Xenia;Beljajev;08.08.1964;;@singedhaircut.gg
Joonas;Reimann;19.02.1998;;@singedhaircut.gg
Andrea;Laas;01.07.1989;;@singedhaircut.gg
Gabriel;Viks;18.01.1998;;@singedhaircut.gg
Greete;Mäeots;07.06.1994;;@singedhaircut.gg
